{"loss": [1.3333309888839722], "accuracy": [0.6062166690826416], "val_loss": [0.4593468904495239], "val_accuracy": [0.8575005531311035]}